id,name,last_comment_id,last_comment_date,last_week_progress,last_comment_text,error
86ey42hhf,Task 3,,,,,no comments
86ey42hhe,Customer Onboarding Portal Enhancement,90180233295175,1782859580367,"- Update Date: 2026-07-06

    This Week's Progress:
      Completed the initial requirement review with the Operations and Compliance teams.
      Confirmed 18 out of 22 required onboarding fields and completed the first version
      of the user flow and API specification.

    Next Week's Plan:
      Confirm the remaining four fields and complete the final requirement document.
      Begin development of the customer profile and document upload modules.","- Update Date: 2026-07-06

    This Week's Progress:
      Completed the initial requirement review with the Operations and Compliance teams.
      Confirmed 18 out of 22 required onboarding fields and completed the first version
      of the user flow and API specification.

    Next Week's Plan:
      Confirm the remaining four fields and complete the final requirement document.
      Begin development of the customer profile and document upload modules.",
